{
  "IcoMoonType": "selection",
  "icons": [
    {
      "icon": {
        "paths": [
          "M99.822 390.469v316.18h231.184v-83.040h107.667v83.040h199.482v-316.18zM115.673 416.331h508.425v6.657h-508.425zM528.992 442.056h62.806v54.915h-62.806zM292.724 443.055h62.806v54.915h-62.806zM412.355 443.055h62.804v54.915h-62.804zM168.608 443.388h62.806v54.915h-62.806zM115.238 511.559h512.784v17.962h-512.784zM532.731 543.732h62.806v54.915h-62.806zM296.463 544.73h62.806v54.915h-62.806zM416.092 544.73h62.806v54.916h-62.806zM172.347 545.064h62.806v54.915h-62.806z",
          "M222.957 218.628v153.777h298.523v-153.777h-298.523zM384.998 235.675l0.547 41.336h43.987v18.245h-43.746l0.625 47.272-18.243 0.242-0.629-47.515h-44.869v-18.245h44.628l-0.543-41.093 18.243-0.242z"
        ],
        "attrs": [
          {
            "fill": "rgb(0, 128, 128)"
          },
          {
            "fill": "rgb(0, 128, 128)"
          }
        ],
        "width": 724,
        "isMulticolor": false,
        "isMulticolor2": false,
        "grid": 64,
        "tags": [
          "cp"
        ],
        "colorPermutations": {
          "1280112812812550125512552551": [
            {
              "f": 0
            },
            {
              "f": 0
            }
          ]
        }
      },
      "attrs": [
        {
          "fill": "rgb(0, 128, 128)"
        },
        {
          "fill": "rgb(0, 128, 128)"
        }
      ],
      "properties": {
        "order": 8,
        "id": 4,
        "name": "cp",
        "prevSize": 128,
        "code": 59650
      },
      "setIdx": 0,
      "setId": 3,
      "iconIdx": 0
    },
    {
      "icon": {
        "paths": [
          "M99.822 390.469v316.18h231.184v-83.040h107.667v83.040h199.482v-316.18zM115.673 416.331h508.425v6.657h-508.425zM528.992 442.056h62.806v54.915h-62.806zM292.724 443.055h62.806v54.915h-62.806zM412.355 443.055h62.804v54.915h-62.804zM168.608 443.388h62.806v54.915h-62.806zM115.238 511.559h512.784v17.962h-512.784zM532.731 543.732h62.806v54.915h-62.806zM296.463 544.73h62.806v54.915h-62.806zM416.092 544.73h62.806v54.916h-62.806zM172.347 545.064h62.806v54.915h-62.806z",
          "M222.957 218.628v153.777h298.523v-153.777h-298.523zM384.998 235.675l0.547 41.336h43.987v18.245h-43.746l0.625 47.272-18.243 0.242-0.629-47.515h-44.869v-18.245h44.628l-0.543-41.093 18.243-0.242z"
        ],
        "attrs": [
          {
            "fill": "rgb(0, 255, 255)"
          },
          {
            "fill": "rgb(0, 255, 255)"
          }
        ],
        "width": 724,
        "isMulticolor": false,
        "isMulticolor2": false,
        "grid": 64,
        "tags": [
          "ps"
        ],
        "colorPermutations": {
          "1280112812812550125512552551": [
            {
              "f": 2
            },
            {
              "f": 2
            }
          ]
        }
      },
      "attrs": [
        {
          "fill": "rgb(0, 255, 255)"
        },
        {
          "fill": "rgb(0, 255, 255)"
        }
      ],
      "properties": {
        "order": 3,
        "id": 3,
        "name": "ps",
        "prevSize": 128,
        "code": 59649
      },
      "setIdx": 0,
      "setId": 3,
      "iconIdx": 1
    },
    {
      "icon": {
        "paths": [
          "M99.822 390.469v316.18h231.184v-83.040h107.667v83.040h199.482v-316.18zM115.673 416.331h508.425v6.657h-508.425zM528.992 442.056h62.806v54.915h-62.806zM292.724 443.055h62.806v54.915h-62.806zM412.355 443.055h62.804v54.915h-62.804zM168.608 443.388h62.806v54.915h-62.806zM115.238 511.559h512.784v17.962h-512.784zM532.731 543.732h62.806v54.915h-62.806zM296.463 544.73h62.806v54.915h-62.806zM416.092 544.73h62.806v54.916h-62.806zM172.347 545.064h62.806v54.915h-62.806z",
          "M222.957 218.628v153.777h298.523v-153.777h-298.523zM384.998 235.675l0.547 41.336h43.987v18.245h-43.746l0.625 47.272-18.243 0.242-0.629-47.515h-44.869v-18.245h44.628l-0.543-41.093 18.243-0.242z"
        ],
        "attrs": [
          {
            "fill": "rgb(0, 0, 255)"
          },
          {
            "fill": "rgb(0, 0, 255)"
          }
        ],
        "width": 724,
        "isMulticolor": false,
        "isMulticolor2": false,
        "grid": 64,
        "tags": [
          "us"
        ],
        "colorPermutations": {
          "1280112812812550125512552551": [
            {
              "f": 3
            },
            {
              "f": 3
            }
          ]
        }
      },
      "attrs": [
        {
          "fill": "rgb(0, 0, 255)"
        },
        {
          "fill": "rgb(0, 0, 255)"
        }
      ],
      "properties": {
        "order": 7,
        "id": 2,
        "name": "us",
        "prevSize": 128,
        "code": 59651
      },
      "setIdx": 0,
      "setId": 3,
      "iconIdx": 2
    },
    {
      "icon": {
        "paths": [
          "M99.822 390.469v316.18h231.184v-83.040h107.667v83.040h199.482v-316.18zM115.673 416.331h508.425v6.657h-508.425zM528.992 442.056h62.806v54.915h-62.806zM292.724 443.055h62.806v54.915h-62.806zM412.355 443.055h62.804v54.915h-62.804zM168.608 443.388h62.806v54.915h-62.806zM115.238 511.559h512.784v17.962h-512.784zM532.731 543.732h62.806v54.915h-62.806zM296.463 544.73h62.806v54.915h-62.806zM416.092 544.73h62.806v54.916h-62.806zM172.347 545.064h62.806v54.915h-62.806z",
          "M222.957 218.628v153.777h298.523v-153.777h-298.523zM384.998 235.675l0.547 41.336h43.987v18.245h-43.746l0.625 47.272-18.243 0.242-0.629-47.515h-44.869v-18.245h44.628l-0.543-41.093 18.243-0.242z"
        ],
        "attrs": [
          {
            "fill": "rgb(0, 255, 0)"
          },
          {
            "fill": "rgb(0, 255, 0)"
          }
        ],
        "width": 724,
        "isMulticolor": false,
        "isMulticolor2": false,
        "grid": 64,
        "tags": [
          "hr"
        ],
        "colorPermutations": {
          "1280112812812550125512552551": [
            {
              "f": 4
            },
            {
              "f": 4
            }
          ]
        }
      },
      "attrs": [
        {
          "fill": "rgb(0, 255, 0)"
        },
        {
          "fill": "rgb(0, 255, 0)"
        }
      ],
      "properties": {
        "order": 5,
        "id": 1,
        "name": "hr",
        "prevSize": 128,
        "code": 59652
      },
      "setIdx": 0,
      "setId": 3,
      "iconIdx": 3
    },
    {
      "icon": {
        "paths": [
          "M99.822 390.469v316.18h231.184v-83.040h107.667v83.040h199.482v-316.18zM115.673 416.331h508.425v6.657h-508.425zM528.992 442.056h62.806v54.915h-62.806zM292.724 443.055h62.806v54.915h-62.806zM412.355 443.055h62.804v54.915h-62.804zM168.608 443.388h62.806v54.915h-62.806zM115.238 511.559h512.784v17.962h-512.784zM532.731 543.732h62.806v54.915h-62.806zM296.463 544.73h62.806v54.915h-62.806zM416.092 544.73h62.806v54.916h-62.806zM172.347 545.064h62.806v54.915h-62.806z",
          "M222.957 218.628v153.777h298.523v-153.777h-298.523zM384.998 235.675l0.547 41.336h43.987v18.245h-43.746l0.625 47.272-18.243 0.242-0.629-47.515h-44.869v-18.245h44.628l-0.543-41.093 18.243-0.242z"
        ],
        "attrs": [
          {
            "fill": "rgb(0, 128, 0)"
          },
          {
            "fill": "rgb(0, 128, 0)"
          }
        ],
        "width": 724,
        "isMulticolor": false,
        "isMulticolor2": false,
        "grid": 64,
        "tags": [
          "h"
        ],
        "colorPermutations": {
          "1280112812812550125512552551": [
            {
              "f": 1
            },
            {
              "f": 1
            }
          ]
        }
      },
      "attrs": [
        {
          "fill": "rgb(0, 128, 0)"
        },
        {
          "fill": "rgb(0, 128, 0)"
        }
      ],
      "properties": {
        "order": 9,
        "id": 0,
        "name": "h",
        "prevSize": 128,
        "code": 59648
      },
      "setIdx": 0,
      "setId": 3,
      "iconIdx": 4
    }
  ],
  "height": 1024,
  "metadata": {
    "name": "icomoon"
  },
  "preferences": {
    "showGlyphs": true,
    "showQuickUse": true,
    "showQuickUse2": true,
    "showSVGs": true,
    "fontPref": {
      "prefix": "icon-",
      "metadata": {
        "fontFamily": "icomoon"
      },
      "metrics": {
        "emSize": 1024,
        "baseline": 6.25,
        "whitespace": 50
      },
      "embed": false,
      "autoHost": true
    },
    "imagePref": {
      "prefix": "icon-",
      "png": true,
      "useClassSelector": true,
      "color": 0,
      "bgColor": 16777215,
      "classSelector": ".icon",
      "name": "icomoon"
    },
    "historySize": 50,
    "showCodes": true,
    "gridSize": 16,
    "quickUsageToken": {
      "UntitledProject": "OTI3NDk2YmYzZGZkYWY3OWI1NjRiOWRkYjhlMzg4ZDUjMSMxNTM1NTU2NjM4IyMj"
    }
  }
}